[Kit]				
Name	IDT-ILMN Nextera DNA UD Indexes 384 - Nextera XT
Description	384 plex Nextera DNA Unique Dual Indexes Kit Contains Indexes from Plates A B C and D to be used with Nextera XT
IndexStrategy	SingleAndDual
ReadType	All
DefaultReadLength1	151	
DefaultReadLength2	151	
	
[Resources]				
Name	Type	Format	Value
Adapter	 Adapter	string	CTGTCTCTTATACACATCT
Multiplate	Multiplate	bool	true
FixedLayout	FixedLayout	bool	true
A-A01	FixedIndexPosition	string	UDP0001-UDP0001
A-A02	FixedIndexPosition	string	UDP0009-UDP0009
A-A03	FixedIndexPosition	string	UDP0017-UDP0017
A-A04	FixedIndexPosition	string	UDP0025-UDP0025
A-A05	FixedIndexPosition	string	UDP0033-UDP0033
A-A06	FixedIndexPosition	string	UDP0041-UDP0041
A-A07	FixedIndexPosition	string	UDP0049-UDP0049
A-A08	FixedIndexPosition	string	UDP0057-UDP0057
A-A09	FixedIndexPosition	string	UDP0065-UDP0065
A-A10	FixedIndexPosition	string	UDP0073-UDP0073
A-A11	FixedIndexPosition	string	UDP0081-UDP0081
A-A12	FixedIndexPosition	string	UDP0089-UDP0089
A-B01	FixedIndexPosition	string	UDP0002-UDP0002
A-B02	FixedIndexPosition	string	UDP0010-UDP0010
A-B03	FixedIndexPosition	string	UDP0018-UDP0018
A-B04	FixedIndexPosition	string	UDP0026-UDP0026
A-B05	FixedIndexPosition	string	UDP0034-UDP0034
A-B06	FixedIndexPosition	string	UDP0042-UDP0042
A-B07	FixedIndexPosition	string	UDP0050-UDP0050
A-B08	FixedIndexPosition	string	UDP0058-UDP0058
A-B09	FixedIndexPosition	string	UDP0066-UDP0066
A-B10	FixedIndexPosition	string	UDP0074-UDP0074
A-B11	FixedIndexPosition	string	UDP0082-UDP0082
A-B12	FixedIndexPosition	string	UDP0090-UDP0090
A-C01	FixedIndexPosition	string	UDP0003-UDP0003
A-C02	FixedIndexPosition	string	UDP0011-UDP0011
A-C03	FixedIndexPosition	string	UDP0019-UDP0019
A-C04	FixedIndexPosition	string	UDP0027-UDP0027
A-C05	FixedIndexPosition	string	UDP0035-UDP0035
A-C06	FixedIndexPosition	string	UDP0043-UDP0043
A-C07	FixedIndexPosition	string	UDP0051-UDP0051
A-C08	FixedIndexPosition	string	UDP0059-UDP0059
A-C09	FixedIndexPosition	string	UDP0067-UDP0067
A-C10	FixedIndexPosition	string	UDP0075-UDP0075
A-C11	FixedIndexPosition	string	UDP0083-UDP0083
A-C12	FixedIndexPosition	string	UDP0091-UDP0091
A-D01	FixedIndexPosition	string	UDP0004-UDP0004
A-D02	FixedIndexPosition	string	UDP0012-UDP0012
A-D03	FixedIndexPosition	string	UDP0020-UDP0020
A-D04	FixedIndexPosition	string	UDP0028-UDP0028
A-D05	FixedIndexPosition	string	UDP0036-UDP0036
A-D06	FixedIndexPosition	string	UDP0044-UDP0044
A-D07	FixedIndexPosition	string	UDP0052-UDP0052
A-D08	FixedIndexPosition	string	UDP0060-UDP0060
A-D09	FixedIndexPosition	string	UDP0068-UDP0068
A-D10	FixedIndexPosition	string	UDP0076-UDP0076
A-D11	FixedIndexPosition	string	UDP0084-UDP0084
A-D12	FixedIndexPosition	string	UDP0092-UDP0092
A-E01	FixedIndexPosition	string	UDP0005-UDP0005
A-E02	FixedIndexPosition	string	UDP0013-UDP0013
A-E03	FixedIndexPosition	string	UDP0021-UDP0021
A-E04	FixedIndexPosition	string	UDP0029-UDP0029
A-E05	FixedIndexPosition	string	UDP0037-UDP0037
A-E06	FixedIndexPosition	string	UDP0045-UDP0045
A-E07	FixedIndexPosition	string	UDP0053-UDP0053
A-E08	FixedIndexPosition	string	UDP0061-UDP0061
A-E09	FixedIndexPosition	string	UDP0069-UDP0069
A-E10	FixedIndexPosition	string	UDP0077-UDP0077
A-E11	FixedIndexPosition	string	UDP0085-UDP0085
A-E12	FixedIndexPosition	string	UDP0093-UDP0093
A-F01	FixedIndexPosition	string	UDP0006-UDP0006
A-F02	FixedIndexPosition	string	UDP0014-UDP0014
A-F03	FixedIndexPosition	string	UDP0022-UDP0022
A-F04	FixedIndexPosition	string	UDP0030-UDP0030
A-F05	FixedIndexPosition	string	UDP0038-UDP0038
A-F06	FixedIndexPosition	string	UDP0046-UDP0046
A-F07	FixedIndexPosition	string	UDP0054-UDP0054
A-F08	FixedIndexPosition	string	UDP0062-UDP0062
A-F09	FixedIndexPosition	string	UDP0070-UDP0070
A-F10	FixedIndexPosition	string	UDP0078-UDP0078
A-F11	FixedIndexPosition	string	UDP0086-UDP0086
A-F12	FixedIndexPosition	string	UDP0094-UDP0094
A-G01	FixedIndexPosition	string	UDP0007-UDP0007
A-G02	FixedIndexPosition	string	UDP0015-UDP0015
A-G03	FixedIndexPosition	string	UDP0023-UDP0023
A-G04	FixedIndexPosition	string	UDP0031-UDP0031
A-G05	FixedIndexPosition	string	UDP0039-UDP0039
A-G06	FixedIndexPosition	string	UDP0047-UDP0047
A-G07	FixedIndexPosition	string	UDP0055-UDP0055
A-G08	FixedIndexPosition	string	UDP0063-UDP0063
A-G09	FixedIndexPosition	string	UDP0071-UDP0071
A-G10	FixedIndexPosition	string	UDP0079-UDP0079
A-G11	FixedIndexPosition	string	UDP0087-UDP0087
A-G12	FixedIndexPosition	string	UDP0095-UDP0095
A-H01	FixedIndexPosition	string	UDP0008-UDP0008
A-H02	FixedIndexPosition	string	UDP0016-UDP0016
A-H03	FixedIndexPosition	string	UDP0024-UDP0024
A-H04	FixedIndexPosition	string	UDP0032-UDP0032
A-H05	FixedIndexPosition	string	UDP0040-UDP0040
A-H06	FixedIndexPosition	string	UDP0048-UDP0048
A-H07	FixedIndexPosition	string	UDP0056-UDP0056
A-H08	FixedIndexPosition	string	UDP0064-UDP0064
A-H09	FixedIndexPosition	string	UDP0072-UDP0072
A-H10	FixedIndexPosition	string	UDP0080-UDP0080
A-H11	FixedIndexPosition	string	UDP0088-UDP0088
A-H12	FixedIndexPosition	string	UDP0096-UDP0096
B-A01	FixedIndexPosition	string	UDP0097-UDP0097
B-A02	FixedIndexPosition	string	UDP0105-UDP0105
B-A03	FixedIndexPosition	string	UDP0113-UDP0113
B-A04	FixedIndexPosition	string	UDP0121-UDP0121
B-A05	FixedIndexPosition	string	UDP0129-UDP0129
B-A06	FixedIndexPosition	string	UDP0137-UDP0137
B-A07	FixedIndexPosition	string	UDP0145-UDP0145
B-A08	FixedIndexPosition	string	UDP0153-UDP0153
B-A09	FixedIndexPosition	string	UDP0161-UDP0161
B-A10	FixedIndexPosition	string	UDP0169-UDP0169
B-A11	FixedIndexPosition	string	UDP0177-UDP0177
B-A12	FixedIndexPosition	string	UDP0185-UDP0185
B-B01	FixedIndexPosition	string	UDP0098-UDP0098
B-B02	FixedIndexPosition	string	UDP0106-UDP0106
B-B03	FixedIndexPosition	string	UDP0114-UDP0114
B-B04	FixedIndexPosition	string	UDP0122-UDP0122
B-B05	FixedIndexPosition	string	UDP0130-UDP0130
B-B06	FixedIndexPosition	string	UDP0138-UDP0138
B-B07	FixedIndexPosition	string	UDP0146-UDP0146
B-B08	FixedIndexPosition	string	UDP0154-UDP0154
B-B09	FixedIndexPosition	string	UDP0162-UDP0162
B-B10	FixedIndexPosition	string	UDP0170-UDP0170
B-B11	FixedIndexPosition	string	UDP0178-UDP0178
B-B12	FixedIndexPosition	string	UDP0186-UDP0186
B-C01	FixedIndexPosition	string	UDP0099-UDP0099
B-C02	FixedIndexPosition	string	UDP0107-UDP0107
B-C03	FixedIndexPosition	string	UDP0115-UDP0115
B-C04	FixedIndexPosition	string	UDP0123-UDP0123
B-C05	FixedIndexPosition	string	UDP0131-UDP0131
B-C06	FixedIndexPosition	string	UDP0139-UDP0139
B-C07	FixedIndexPosition	string	UDP0147-UDP0147
B-C08	FixedIndexPosition	string	UDP0155-UDP0155
B-C09	FixedIndexPosition	string	UDP0163-UDP0163
B-C10	FixedIndexPosition	string	UDP0171-UDP0171
B-C11	FixedIndexPosition	string	UDP0179-UDP0179
B-C12	FixedIndexPosition	string	UDP0187-UDP0187
B-D01	FixedIndexPosition	string	UDP0100-UDP0100
B-D02	FixedIndexPosition	string	UDP0108-UDP0108
B-D03	FixedIndexPosition	string	UDP0116-UDP0116
B-D04	FixedIndexPosition	string	UDP0124-UDP0124
B-D05	FixedIndexPosition	string	UDP0132-UDP0132
B-D06	FixedIndexPosition	string	UDP0140-UDP0140
B-D07	FixedIndexPosition	string	UDP0148-UDP0148
B-D08	FixedIndexPosition	string	UDP0156-UDP0156
B-D09	FixedIndexPosition	string	UDP0164-UDP0164
B-D10	FixedIndexPosition	string	UDP0172-UDP0172
B-D11	FixedIndexPosition	string	UDP0180-UDP0180
B-D12	FixedIndexPosition	string	UDP0188-UDP0188
B-E01	FixedIndexPosition	string	UDP0101-UDP0101
B-E02	FixedIndexPosition	string	UDP0109-UDP0109
B-E03	FixedIndexPosition	string	UDP0117-UDP0117
B-E04	FixedIndexPosition	string	UDP0125-UDP0125
B-E05	FixedIndexPosition	string	UDP0133-UDP0133
B-E06	FixedIndexPosition	string	UDP0141-UDP0141
B-E07	FixedIndexPosition	string	UDP0149-UDP0149
B-E08	FixedIndexPosition	string	UDP0157-UDP0157
B-E09	FixedIndexPosition	string	UDP0165-UDP0165
B-E10	FixedIndexPosition	string	UDP0173-UDP0173
B-E11	FixedIndexPosition	string	UDP0181-UDP0181
B-E12	FixedIndexPosition	string	UDP0189-UDP0189
B-F01	FixedIndexPosition	string	UDP0102-UDP0102
B-F02	FixedIndexPosition	string	UDP0110-UDP0110
B-F03	FixedIndexPosition	string	UDP0118-UDP0118
B-F04	FixedIndexPosition	string	UDP0126-UDP0126
B-F05	FixedIndexPosition	string	UDP0134-UDP0134
B-F06	FixedIndexPosition	string	UDP0142-UDP0142
B-F07	FixedIndexPosition	string	UDP0150-UDP0150
B-F08	FixedIndexPosition	string	UDP0158-UDP0158
B-F09	FixedIndexPosition	string	UDP0166-UDP0166
B-F10	FixedIndexPosition	string	UDP0174-UDP0174
B-F11	FixedIndexPosition	string	UDP0182-UDP0182
B-F12	FixedIndexPosition	string	UDP0190-UDP0190
B-G01	FixedIndexPosition	string	UDP0103-UDP0103
B-G02	FixedIndexPosition	string	UDP0111-UDP0111
B-G03	FixedIndexPosition	string	UDP0119-UDP0119
B-G04	FixedIndexPosition	string	UDP0127-UDP0127
B-G05	FixedIndexPosition	string	UDP0135-UDP0135
B-G06	FixedIndexPosition	string	UDP0143-UDP0143
B-G07	FixedIndexPosition	string	UDP0151-UDP0151
B-G08	FixedIndexPosition	string	UDP0159-UDP0159
B-G09	FixedIndexPosition	string	UDP0167-UDP0167
B-G10	FixedIndexPosition	string	UDP0175-UDP0175
B-G11	FixedIndexPosition	string	UDP0183-UDP0183
B-G12	FixedIndexPosition	string	UDP0191-UDP0191
B-H01	FixedIndexPosition	string	UDP0104-UDP0104
B-H02	FixedIndexPosition	string	UDP0112-UDP0112
B-H03	FixedIndexPosition	string	UDP0120-UDP0120
B-H04	FixedIndexPosition	string	UDP0128-UDP0128
B-H05	FixedIndexPosition	string	UDP0136-UDP0136
B-H06	FixedIndexPosition	string	UDP0144-UDP0144
B-H07	FixedIndexPosition	string	UDP0152-UDP0152
B-H08	FixedIndexPosition	string	UDP0160-UDP0160
B-H09	FixedIndexPosition	string	UDP0168-UDP0168
B-H10	FixedIndexPosition	string	UDP0176-UDP0176
B-H11	FixedIndexPosition	string	UDP0184-UDP0184
B-H12	FixedIndexPosition	string	UDP0192-UDP0192
C-A01	FixedIndexPosition	string	UDP0193-UDP0193
C-A02	FixedIndexPosition	string	UDP0201-UDP0201
C-A03	FixedIndexPosition	string	UDP0209-UDP0209
C-A04	FixedIndexPosition	string	UDP0217-UDP0217
C-A05	FixedIndexPosition	string	UDP0225-UDP0225
C-A06	FixedIndexPosition	string	UDP0233-UDP0233
C-A07	FixedIndexPosition	string	UDP0241-UDP0241
C-A08	FixedIndexPosition	string	UDP0249-UDP0249
C-A09	FixedIndexPosition	string	UDP0257-UDP0257
C-A10	FixedIndexPosition	string	UDP0265-UDP0265
C-A11	FixedIndexPosition	string	UDP0273-UDP0273
C-A12	FixedIndexPosition	string	UDP0281-UDP0281
C-B01	FixedIndexPosition	string	UDP0194-UDP0194
C-B02	FixedIndexPosition	string	UDP0202-UDP0202
C-B03	FixedIndexPosition	string	UDP0210-UDP0210
C-B04	FixedIndexPosition	string	UDP0218-UDP0218
C-B05	FixedIndexPosition	string	UDP0226-UDP0226
C-B06	FixedIndexPosition	string	UDP0234-UDP0234
C-B07	FixedIndexPosition	string	UDP0242-UDP0242
C-B08	FixedIndexPosition	string	UDP0250-UDP0250
C-B09	FixedIndexPosition	string	UDP0258-UDP0258
C-B10	FixedIndexPosition	string	UDP0266-UDP0266
C-B11	FixedIndexPosition	string	UDP0274-UDP0274
C-B12	FixedIndexPosition	string	UDP0282-UDP0282
C-C01	FixedIndexPosition	string	UDP0195-UDP0195
C-C02	FixedIndexPosition	string	UDP0203-UDP0203
C-C03	FixedIndexPosition	string	UDP0211-UDP0211
C-C04	FixedIndexPosition	string	UDP0219-UDP0219
C-C05	FixedIndexPosition	string	UDP0227-UDP0227
C-C06	FixedIndexPosition	string	UDP0235-UDP0235
C-C07	FixedIndexPosition	string	UDP0243-UDP0243
C-C08	FixedIndexPosition	string	UDP0251-UDP0251
C-C09	FixedIndexPosition	string	UDP0259-UDP0259
C-C10	FixedIndexPosition	string	UDP0267-UDP0267
C-C11	FixedIndexPosition	string	UDP0275-UDP0275
C-C12	FixedIndexPosition	string	UDP0283-UDP0283
C-D01	FixedIndexPosition	string	UDP0196-UDP0196
C-D02	FixedIndexPosition	string	UDP0204-UDP0204
C-D03	FixedIndexPosition	string	UDP0212-UDP0212
C-D04	FixedIndexPosition	string	UDP0220-UDP0220
C-D05	FixedIndexPosition	string	UDP0228-UDP0228
C-D06	FixedIndexPosition	string	UDP0236-UDP0236
C-D07	FixedIndexPosition	string	UDP0244-UDP0244
C-D08	FixedIndexPosition	string	UDP0252-UDP0252
C-D09	FixedIndexPosition	string	UDP0260-UDP0260
C-D10	FixedIndexPosition	string	UDP0268-UDP0268
C-D11	FixedIndexPosition	string	UDP0276-UDP0276
C-D12	FixedIndexPosition	string	UDP0284-UDP0284
C-E01	FixedIndexPosition	string	UDP0197-UDP0197
C-E02	FixedIndexPosition	string	UDP0205-UDP0205
C-E03	FixedIndexPosition	string	UDP0213-UDP0213
C-E04	FixedIndexPosition	string	UDP0221-UDP0221
C-E05	FixedIndexPosition	string	UDP0229-UDP0229
C-E06	FixedIndexPosition	string	UDP0237-UDP0237
C-E07	FixedIndexPosition	string	UDP0245-UDP0245
C-E08	FixedIndexPosition	string	UDP0253-UDP0253
C-E09	FixedIndexPosition	string	UDP0261-UDP0261
C-E10	FixedIndexPosition	string	UDP0269-UDP0269
C-E11	FixedIndexPosition	string	UDP0277-UDP0277
C-E12	FixedIndexPosition	string	UDP0285-UDP0285
C-F01	FixedIndexPosition	string	UDP0198-UDP0198
C-F02	FixedIndexPosition	string	UDP0206-UDP0206
C-F03	FixedIndexPosition	string	UDP0214-UDP0214
C-F04	FixedIndexPosition	string	UDP0222-UDP0222
C-F05	FixedIndexPosition	string	UDP0230-UDP0230
C-F06	FixedIndexPosition	string	UDP0238-UDP0238
C-F07	FixedIndexPosition	string	UDP0246-UDP0246
C-F08	FixedIndexPosition	string	UDP0254-UDP0254
C-F09	FixedIndexPosition	string	UDP0262-UDP0262
C-F10	FixedIndexPosition	string	UDP0270-UDP0270
C-F11	FixedIndexPosition	string	UDP0278-UDP0278
C-F12	FixedIndexPosition	string	UDP0286-UDP0286
C-G01	FixedIndexPosition	string	UDP0199-UDP0199
C-G02	FixedIndexPosition	string	UDP0207-UDP0207
C-G03	FixedIndexPosition	string	UDP0215-UDP0215
C-G04	FixedIndexPosition	string	UDP0223-UDP0223
C-G05	FixedIndexPosition	string	UDP0231-UDP0231
C-G06	FixedIndexPosition	string	UDP0239-UDP0239
C-G07	FixedIndexPosition	string	UDP0247-UDP0247
C-G08	FixedIndexPosition	string	UDP0255-UDP0255
C-G09	FixedIndexPosition	string	UDP0263-UDP0263
C-G10	FixedIndexPosition	string	UDP0271-UDP0271
C-G11	FixedIndexPosition	string	UDP0279-UDP0279
C-G12	FixedIndexPosition	string	UDP0287-UDP0287
C-H01	FixedIndexPosition	string	UDP0200-UDP0200
C-H02	FixedIndexPosition	string	UDP0208-UDP0208
C-H03	FixedIndexPosition	string	UDP0216-UDP0216
C-H04	FixedIndexPosition	string	UDP0224-UDP0224
C-H05	FixedIndexPosition	string	UDP0232-UDP0232
C-H06	FixedIndexPosition	string	UDP0240-UDP0240
C-H07	FixedIndexPosition	string	UDP0248-UDP0248
C-H08	FixedIndexPosition	string	UDP0256-UDP0256
C-H09	FixedIndexPosition	string	UDP0264-UDP0264
C-H10	FixedIndexPosition	string	UDP0272-UDP0272
C-H11	FixedIndexPosition	string	UDP0280-UDP0280
C-H12	FixedIndexPosition	string	UDP0288-UDP0288
D-A01	FixedIndexPosition	string	UDP0289-UDP0289
D-A02	FixedIndexPosition	string	UDP0297-UDP0297
D-A03	FixedIndexPosition	string	UDP0305-UDP0305
D-A04	FixedIndexPosition	string	UDP0313-UDP0313
D-A05	FixedIndexPosition	string	UDP0321-UDP0321
D-A06	FixedIndexPosition	string	UDP0329-UDP0329
D-A07	FixedIndexPosition	string	UDP0337-UDP0337
D-A08	FixedIndexPosition	string	UDP0345-UDP0345
D-A09	FixedIndexPosition	string	UDP0353-UDP0353
D-A10	FixedIndexPosition	string	UDP0361-UDP0361
D-A11	FixedIndexPosition	string	UDP0369-UDP0369
D-A12	FixedIndexPosition	string	UDP0377-UDP0377
D-B01	FixedIndexPosition	string	UDP0290-UDP0290
D-B02	FixedIndexPosition	string	UDP0298-UDP0298
D-B03	FixedIndexPosition	string	UDP0306-UDP0306
D-B04	FixedIndexPosition	string	UDP0314-UDP0314
D-B05	FixedIndexPosition	string	UDP0322-UDP0322
D-B06	FixedIndexPosition	string	UDP0330-UDP0330
D-B07	FixedIndexPosition	string	UDP0338-UDP0338
D-B08	FixedIndexPosition	string	UDP0346-UDP0346
D-B09	FixedIndexPosition	string	UDP0354-UDP0354
D-B10	FixedIndexPosition	string	UDP0362-UDP0362
D-B11	FixedIndexPosition	string	UDP0370-UDP0370
D-B12	FixedIndexPosition	string	UDP0378-UDP0378
D-C01	FixedIndexPosition	string	UDP0291-UDP0291
D-C02	FixedIndexPosition	string	UDP0299-UDP0299
D-C03	FixedIndexPosition	string	UDP0307-UDP0307
D-C04	FixedIndexPosition	string	UDP0315-UDP0315
D-C05	FixedIndexPosition	string	UDP0323-UDP0323
D-C06	FixedIndexPosition	string	UDP0331-UDP0331
D-C07	FixedIndexPosition	string	UDP0339-UDP0339
D-C08	FixedIndexPosition	string	UDP0347-UDP0347
D-C09	FixedIndexPosition	string	UDP0355-UDP0355
D-C10	FixedIndexPosition	string	UDP0363-UDP0363
D-C11	FixedIndexPosition	string	UDP0371-UDP0371
D-C12	FixedIndexPosition	string	UDP0379-UDP0379
D-D01	FixedIndexPosition	string	UDP0292-UDP0292
D-D02	FixedIndexPosition	string	UDP0300-UDP0300
D-D03	FixedIndexPosition	string	UDP0308-UDP0308
D-D04	FixedIndexPosition	string	UDP0316-UDP0316
D-D05	FixedIndexPosition	string	UDP0324-UDP0324
D-D06	FixedIndexPosition	string	UDP0332-UDP0332
D-D07	FixedIndexPosition	string	UDP0340-UDP0340
D-D08	FixedIndexPosition	string	UDP0348-UDP0348
D-D09	FixedIndexPosition	string	UDP0356-UDP0356
D-D10	FixedIndexPosition	string	UDP0364-UDP0364
D-D11	FixedIndexPosition	string	UDP0372-UDP0372
D-D12	FixedIndexPosition	string	UDP0380-UDP0380
D-E01	FixedIndexPosition	string	UDP0293-UDP0293
D-E02	FixedIndexPosition	string	UDP0301-UDP0301
D-E03	FixedIndexPosition	string	UDP0309-UDP0309
D-E04	FixedIndexPosition	string	UDP0317-UDP0317
D-E05	FixedIndexPosition	string	UDP0325-UDP0325
D-E06	FixedIndexPosition	string	UDP0333-UDP0333
D-E07	FixedIndexPosition	string	UDP0341-UDP0341
D-E08	FixedIndexPosition	string	UDP0349-UDP0349
D-E09	FixedIndexPosition	string	UDP0357-UDP0357
D-E10	FixedIndexPosition	string	UDP0365-UDP0365
D-E11	FixedIndexPosition	string	UDP0373-UDP0373
D-E12	FixedIndexPosition	string	UDP0381-UDP0381
D-F01	FixedIndexPosition	string	UDP0294-UDP0294
D-F02	FixedIndexPosition	string	UDP0302-UDP0302
D-F03	FixedIndexPosition	string	UDP0310-UDP0310
D-F04	FixedIndexPosition	string	UDP0318-UDP0318
D-F05	FixedIndexPosition	string	UDP0326-UDP0326
D-F06	FixedIndexPosition	string	UDP0334-UDP0334
D-F07	FixedIndexPosition	string	UDP0342-UDP0342
D-F08	FixedIndexPosition	string	UDP0350-UDP0350
D-F09	FixedIndexPosition	string	UDP0358-UDP0358
D-F10	FixedIndexPosition	string	UDP0366-UDP0366
D-F11	FixedIndexPosition	string	UDP0374-UDP0374
D-F12	FixedIndexPosition	string	UDP0382-UDP0382
D-G01	FixedIndexPosition	string	UDP0295-UDP0295
D-G02	FixedIndexPosition	string	UDP0303-UDP0303
D-G03	FixedIndexPosition	string	UDP0311-UDP0311
D-G04	FixedIndexPosition	string	UDP0319-UDP0319
D-G05	FixedIndexPosition	string	UDP0327-UDP0327
D-G06	FixedIndexPosition	string	UDP0335-UDP0335
D-G07	FixedIndexPosition	string	UDP0343-UDP0343
D-G08	FixedIndexPosition	string	UDP0351-UDP0351
D-G09	FixedIndexPosition	string	UDP0359-UDP0359
D-G10	FixedIndexPosition	string	UDP0367-UDP0367
D-G11	FixedIndexPosition	string	UDP0375-UDP0375
D-G12	FixedIndexPosition	string	UDP0383-UDP0383
D-H01	FixedIndexPosition	string	UDP0296-UDP0296
D-H02	FixedIndexPosition	string	UDP0304-UDP0304
D-H03	FixedIndexPosition	string	UDP0312-UDP0312
D-H04	FixedIndexPosition	string	UDP0320-UDP0320
D-H05	FixedIndexPosition	string	UDP0328-UDP0328
D-H06	FixedIndexPosition	string	UDP0336-UDP0336
D-H07	FixedIndexPosition	string	UDP0344-UDP0344
D-H08	FixedIndexPosition	string	UDP0352-UDP0352
D-H09	FixedIndexPosition	string	UDP0360-UDP0360
D-H10	FixedIndexPosition	string	UDP0368-UDP0368
D-H11	FixedIndexPosition	string	UDP0376-UDP0376
D-H12	FixedIndexPosition	string	UDP0384-UDP0384
[Indices]
Name	Sequence	IndexReadNumber		
UDP0001	GAACTGAGCG	1
UDP0002	AGGTCAGATA	1
UDP0003	CGTCTCATAT	1
UDP0004	ATTCCATAAG	1
UDP0005	GACGAGATTA	1
UDP0006	AACATCGCGC	1
UDP0007	CTAGTGCTCT	1
UDP0008	GATCAAGGCA	1
UDP0009	GACTGAGTAG	1
UDP0010	AGTCAGACGA	1
UDP0011	CCGTATGTTC	1
UDP0012	GAGTCATAGG	1
UDP0013	CTTGCCATTA	1
UDP0014	GAAGCGGCAC	1
UDP0015	TCCATTGCCG	1
UDP0016	CGGTTACGGC	1
UDP0017	GAGAATGGTT	1
UDP0018	AGAGGCAACC	1
UDP0019	CCATCATTAG	1
UDP0020	GATAGGCCGA	1
UDP0021	ATGGTTGACT	1
UDP0022	TATTGCGCTC	1
UDP0023	ACGCCTTGTT	1
UDP0024	TTCTACATAC	1
UDP0025	AACCATAGAA	1
UDP0026	GGTTGCGAGG	1
UDP0027	TAAGCATCCA	1
UDP0028	ACCACGACAT	1
UDP0029	GCCGCACTCT	1
UDP0030	CCACCAGGCA	1
UDP0031	GTGACACGCA	1
UDP0032	ACAGTGTATG	1
UDP0033	TGATTATACG	1
UDP0034	CAGCCGCGTA	1
UDP0035	GGTAACTCGC	1
UDP0036	ACCGGCCGTA	1
UDP0037	TGTAATCGAC	1
UDP0038	GTGCAGACAG	1
UDP0039	CAATCGGCTG	1
UDP0040	TATGTAGTCA	1
UDP0041	ACTCGGCAAT	1
UDP0042	GTCTAATGGC	1
UDP0043	CCATCTCGCC	1
UDP0044	CTGCGAGCCA	1
UDP0045	CGTTATTCTA	1
UDP0046	AGATCCATTA	1
UDP0047	GTCCTGGATA	1
UDP0048	CAGTGGCACT	1
UDP0049	AGTGTTGCAC	1
UDP0050	GACACCATGT	1
UDP0051	CCTGTCTGTC	1
UDP0052	TGATGTAAGA	1
UDP0053	GGAATTGTAA	1
UDP0054	GCATAAGCTT	1
UDP0055	CTGAGGAATA	1
UDP0056	AACGCACGAG	1
UDP0057	TCTATCCTAA	1
UDP0058	CTCGCTTCGG	1
UDP0059	CTGTTGGTCC	1
UDP0060	TTACCTGGAA	1
UDP0061	TGGCTAATCA	1
UDP0062	AACACTGTTA	1
UDP0063	ATTGCGCGGT	1
UDP0064	TGGCGCGAAC	1
UDP0065	TAATGTGTCT	1
UDP0066	ATACCAACGC	1
UDP0067	AGGATGTGCT	1
UDP0068	CACGGAACAA	1
UDP0069	TGGAGTACTT	1
UDP0070	GTATTGACGT	1
UDP0071	CTTGTACACC	1
UDP0072	ACACAGGTGG	1
UDP0073	CCTGCGGAAC	1
UDP0074	TTCATAAGGT	1
UDP0075	CTCTGCAGCG	1
UDP0076	CTGACTCTAC	1
UDP0077	TCTGGTATCC	1
UDP0078	CATTAGTGCG	1
UDP0079	ACGGTCAGGA	1
UDP0080	GGCAAGCCAG	1
UDP0081	TGTCGCTGGT	1
UDP0082	ACCGTTACAA	1
UDP0083	TATGCCTTAC	1
UDP0084	ACAAGTGGAC	1
UDP0085	TGGTACCTAA	1
UDP0086	TTGGAATTCC	1
UDP0087	CCTCTACATG	1
UDP0088	GGAGCGTGTA	1
UDP0089	GTCCGTAAGC	1
UDP0090	ACTTCAAGCG	1
UDP0091	TCAGAAGGCG	1
UDP0092	GCGTTGGTAT	1
UDP0093	ACATATCCAG	1
UDP0094	TCATAGATTG	1
UDP0095	GTATTCCACC	1
UDP0096	CCTCCGTCCA	1
UDP0097	TGCCGGTCAG	1
UDP0098	CACTCAATTC	1
UDP0099	TCTCACACGC	1
UDP0100	TCAATGGAGA	1
UDP0101	ATATGCATGT	1
UDP0102	ATGGCGCCTG	1
UDP0103	TCCGTTATGT	1
UDP0104	GGTCTATTAA	1
UDP0105	CAGCAATCGT	1
UDP0106	TTCTGTAGAA	1
UDP0107	GAACGCAATA	1
UDP0108	AGTACTCATG	1
UDP0109	GGTAGAATTA	1
UDP0110	TAATTAGCGT	1
UDP0111	ATTAACAAGG	1
UDP0112	TGATGGCTAC	1
UDP0113	GAATTACAAG	1
UDP0114	TAGAATTGGA	1
UDP0115	AGGCAGCTCT	1
UDP0116	ATCGGCGAAG	1
UDP0117	CCGTGACCGA	1
UDP0118	ATACTTGTTC	1
UDP0119	TCCGCCAATT	1
UDP0120	AGGACAGGCC	1
UDP0121	AGAGAACCTA	1
UDP0122	GATATTGTGT	1
UDP0123	CGTACAGGAA	1
UDP0124	CTGCGTTACC	1
UDP0125	AGGCCGTGGA	1
UDP0126	AGGAGGTATC	1
UDP0127	GCTGACGTTG	1
UDP0128	CTAATAACCG	1
UDP0129	TCTAGGCGCG	1
UDP0130	ATAGCCAAGA	1
UDP0131	TTCGGTGTGA	1
UDP0132	ATGTAACGTT	1
UDP0133	AACGAGGCCG	1
UDP0134	TGGTGTTATG	1
UDP0135	TGGCCTCTGT	1
UDP0136	CCAGGCACCA	1
UDP0137	CCGGTTCCTA	1
UDP0138	GGCCAATATT	1
UDP0139	GAATACCTAT	1
UDP0140	TACGTGAAGG	1
UDP0141	CTTATTGGCC	1
UDP0142	ACAACTACTG	1
UDP0143	GTTGGATGAA	1
UDP0144	AATCCAATTG	1
UDP0145	TATGATGGCC	1
UDP0146	CGCAGCAATT	1
UDP0147	ACGTTCCTTA	1
UDP0148	CCGCGTATAG	1
UDP0149	GATTCTGAAT	1
UDP0150	TAGAGAATAC	1
UDP0151	TTGTATCAGG	1
UDP0152	CACAGCGGTC	1
UDP0153	CCACGCTGAA	1
UDP0154	GTTCGGAGTT	1
UDP0155	ATAGCGGAAT	1
UDP0156	GCAATATTCA	1
UDP0157	CTAGATTGCG	1
UDP0158	CGATGCGGTT	1
UDP0159	TCCGGACTAG	1
UDP0160	GTGACGGAGC	1
UDP0161	AATTCCATCT	1
UDP0162	TTAACGGTGT	1
UDP0163	ACTTGTTATC	1
UDP0164	CGTGTACCAG	1
UDP0165	TTAACCTTCG	1
UDP0166	CATATGCGAT	1
UDP0167	AGCCTATGAT	1
UDP0168	TATGACAATC	1
UDP0169	ATGTTGTTGG	1
UDP0170	GCACCACCAA	1
UDP0171	AGGCGTTCGC	1
UDP0172	CCTCCGGTTG	1
UDP0173	GTCCACCGCT	1
UDP0174	ATTGTTCGTC	1
UDP0175	GGACCAGTGG	1
UDP0176	CCTTCTAACA	1
UDP0177	CTCGAATATA	1
UDP0178	GATCGTCGCG	1
UDP0179	TATCCGAGGC	1
UDP0180	CGCTGTCTCA	1
UDP0181	AATGCGAACA	1
UDP0182	AATTCTTGGA	1
UDP0183	TTCCTACAGC	1
UDP0184	ATCCAGGTAT	1
UDP0185	ACGGTCCAAC	1
UDP0186	GTAACTTGGT	1
UDP0187	AGCGCCACAC	1
UDP0188	TGCTACTGCC	1
UDP0189	CAACACCGCA	1
UDP0190	CACCTTAATC	1
UDP0191	TTGAATGTTG	1
UDP0192	CCGGTAACAC	1
UDP0193	TCTCATGATA	1
UDP0194	CGAGGCCAAG	1
UDP0195	TTCACGAGAC	1
UDP0196	GCGTGGATGG	1
UDP0197	TCCTGGTTGT	1
UDP0198	TAATTCTGCT	1
UDP0199	CGCACGACTG	1
UDP0200	GAGGTTAGAC	1
UDP0201	AACCGAGTTC	1
UDP0202	TGTGATAACT	1
UDP0203	AGTATGCTAC	1
UDP0204	GTAACTGAAG	1
UDP0205	TCCTCGGACT	1
UDP0206	CTGGAACTGT	1
UDP0207	GAATATGCGG	1
UDP0208	GATCGGATAA	1
UDP0209	GCTAGACTAT	1
UDP0210	AGCTACTATA	1
UDP0211	CCACCGGAGT	1
UDP0212	CTTACCGCAC	1
UDP0213	TTAGGATATC	1
UDP0214	TTATACGCGA	1
UDP0215	CGCTTAGAAT	1
UDP0216	CCGAAGCGCT	1
UDP0217	CACTATCAAC	1
UDP0218	TTGCTCTATT	1
UDP0219	TTACAGTTAG	1
UDP0220	CTAAGTACGC	1
UDP0221	TAGTTCGGTA	1
UDP0222	CTATTACTAC	1
UDP0223	TAGCATAACC	1
UDP0224	ACTCTATTGT	1
UDP0225	TAGTGGAAGC	1
UDP0226	CGCCATATCT	1
UDP0227	GCTTCATATT	1
UDP0228	ACTAGCGCTA	1
UDP0229	GCTCTTAACT	1
UDP0230	GTGGTATCTG	1
UDP0231	TGACGGCCGT	1
UDP0232	CAGTAATTAC	1
UDP0233	TACAAGACTT	1
UDP0234	CTGTGGTGAC	1
UDP0235	CTCCACTAAT	1
UDP0236	ATAGTTAGCA	1
UDP0237	ATAGGTCTTA	1
UDP0238	TTCTTAACCA	1
UDP0239	AAGGAAGAGT	1
UDP0240	GGAAGGAGAC	1
UDP0241	TGAACGCGGA	1
UDP0242	CCTGCAACCT	1
UDP0243	TTCATGGTTC	1
UDP0244	ATCCTCTCAA	1
UDP0245	CACTAGACCA	1
UDP0246	ATTATCCACT	1
UDP0247	ATGGCGTGCC	1
UDP0248	TCCAGAGATC	1
UDP0249	ATGTCCAGCA	1
UDP0250	CAACGTTCGG	1
UDP0251	GCGTATTAAT	1
UDP0252	GTTGTGACTA	1
UDP0253	TCTCAATACC	1
UDP0254	AAGCATCTTG	1
UDP0255	TCAGTCTCGT	1
UDP0256	TGCAAGATAA	1
UDP0257	GTAACAATCT	1
UDP0258	CAGCGGTAGA	1
UDP0259	TCATACCGTT	1
UDP0260	GGCGCCATTG	1
UDP0261	AGCGAATTAG	1
UDP0262	TTAGACCATG	1
UDP0263	CACACAGTAT	1
UDP0264	TCTTGTCGGC	1
UDP0265	TACCGCCTCG	1
UDP0266	CTGTTATATC	1
UDP0267	TAACCGGCGA	1
UDP0268	AAGAGAGTCT	1
UDP0269	GTAGGCGAGC	1
UDP0270	AACTTATCCT	1
UDP0271	ATTATGTCTC	1
UDP0272	TATAACAGCT	1
UDP0273	CCAATGATAC	1
UDP0274	GAGGCCTATT	1
UDP0275	AGCTAAGCGG	1
UDP0276	CTTCCTAGGA	1
UDP0277	CGATCTGTGA	1
UDP0278	GTGGACAAGT	1
UDP0279	AACAAGTACA	1
UDP0280	AGATTAAGTG	1
UDP0281	TATCACTCTG	1
UDP0282	AGAATTCGCC	1
UDP0283	CCTGACCACT	1
UDP0284	AGCTGGAATG	1
UDP0285	TGATAACGAG	1
UDP0286	CATAGTAAGG	1
UDP0287	ATTGGCTTCT	1
UDP0288	GTACCGATTA	1
UDP0289	GAACAATTCC	1
UDP0290	TGTGGTCCGG	1
UDP0291	CTTCTAAGTC	1
UDP0292	AATATTGCCA	1
UDP0293	TCGTGCATTC	1
UDP0294	AAGATACACG	1
UDP0295	TGCAATGAAT	1
UDP0296	CTATGAAGGA	1
UDP0297	GAAGACTAGA	1
UDP0298	AGGAGTCGAG	1
UDP0299	TTCACTCACT	1
UDP0300	GGTCCGCTTC	1
UDP0301	CAACGAGAGC	1
UDP0302	ATTGAGGTCC	1
UDP0303	GGAGAGACTC	1
UDP0304	CCGCTCCGTT	1
UDP0305	ATACATCACA	1
UDP0306	TAGGTATGTT	1
UDP0307	CACCTAGCAC	1
UDP0308	TTCAAGTATG	1
UDP0309	TTAAGACAAG	1
UDP0310	CACCTCTCTT	1
UDP0311	TTCTCGTGCA	1
UDP0312	GCTAGGAAGT	1
UDP0313	TTAATAGCAC	1
UDP0314	CATTCACGCT	1
UDP0315	GGCACTAAGG	1
UDP0316	ATTCGGTACA	1
UDP0317	ACTAATCTCC	1
UDP0318	TGTGTTAGTA	1
UDP0319	CAACGACCTA	1
UDP0320	CGGTCGGCAT	1
UDP0321	TCGACGCTAG	1
UDP0322	CTCGTAGGCA	1
UDP0323	AAGTTCTAGT	1
UDP0324	CCAAGAGGTG	1
UDP0325	ATATCTGCTT	1
UDP0326	TGGATCTGGC	1
UDP0327	TTGAATCCAA	1
UDP0328	CACGGCTAGT	1
UDP0329	GAGCTTGCCG	1
UDP0330	AGCTAGCTTC	1
UDP0331	CAATCCTTGT	1
UDP0332	CACCTGTTGC	1
UDP0333	CGTCACCTTG	1
UDP0334	AATGACTGGT	1
UDP0335	ATGATTCCGG	1
UDP0336	TTAGGCTCAA	1
UDP0337	TGTAAGGTGG	1
UDP0338	CAACTGCAAC	1
UDP0339	ACATGAGTGA	1
UDP0340	GCAACCAGTC	1
UDP0341	GAGCGACGAT	1
UDP0342	CGAACGCACC	1
UDP0343	TCTTACGCCG	1
UDP0344	AGCTGATGTC	1
UDP0345	CTGAATTAGT	1
UDP0346	TAAGGAGGAA	1
UDP0347	AGCTTACACA	1
UDP0348	AACCAGCCAC	1
UDP0349	CTTAAGTCGA	1
UDP0350	GCCTAACGTG	1
UDP0351	ACTTACTTCA	1
UDP0352	CGCATTCCGT	1
UDP0353	GATATCACAC	1
UDP0354	AGCGCTGTGT	1
UDP0355	TCACCGCGCT	1
UDP0356	GATAGCCTTG	1
UDP0357	CCTGGACGCA	1
UDP0358	TTACGCACCT	1
UDP0359	TCGTTGCTGC	1
UDP0360	CGACAAGGAT	1
UDP0361	GTGTACCTTC	1
UDP0362	ACCTGGCCAA	1
UDP0363	TGTCTGGCCT	1
UDP0364	AGTTAATGCT	1
UDP0365	GGTGAGTAAT	1
UDP0366	TACTCTGCGC	1
UDP0367	AGGTATGGCG	1
UDP0368	TCCAGCCTGC	1
UDP0369	GCCATATAAC	1
UDP0370	AGTGCGAGTG	1
UDP0371	CTGAGCCGGT	1
UDP0372	AACGGTCTAT	1
UDP0373	GTTGCGTTCA	1
UDP0374	CTTCAACCAC	1
UDP0375	TCTATTCAGT	1
UDP0376	CAAGACGTCC	1
UDP0377	TGAGTACAAC	1
UDP0378	CCGCGGTTCT	1
UDP0379	ATTGATACTG	1
UDP0380	GGATTATGGA	1
UDP0381	TGGTTCTCAT	1
UDP0382	TCAACCACGA	1
UDP0383	TATGAACTTG	1
UDP0384	AGTGGTTAAG	1

UDP0001	TCGTGGAGCG	2
UDP0002	CTACAAGATA	2
UDP0003	TATAGTAGCT	2
UDP0004	TGCCTGGTGG	2
UDP0005	ACATTATCCT	2
UDP0006	GTCCACTTGT	2
UDP0007	TGGAACAGTA	2
UDP0008	CCTTGTTAAT	2
UDP0009	GTTGATAGTG	2
UDP0010	ACCAGCGACA	2
UDP0011	CATACACTGT	2
UDP0012	GTGTGGCGCT	2
UDP0013	ATCACGAAGG	2
UDP0014	CGGCTCTACT	2
UDP0015	GAATGCACGA	2
UDP0016	AAGACTATAG	2
UDP0017	TCGGCAGCAA	2
UDP0018	CTAATGATGG	2
UDP0019	GGTTGCCTCT	2
UDP0020	CGCACATGGC	2
UDP0021	GGCCTGTCCT	2
UDP0022	CTGTGTTAGG	2
UDP0023	TAAGGAACGT	2
UDP0024	CTAACTGTAA	2
UDP0025	GGCGAGATGG	2
UDP0026	AATAGAGCAA	2
UDP0027	TCAATCCATT	2
UDP0028	TCGTATGCGG	2
UDP0029	TCCGACCTCG	2
UDP0030	CTTATGGAAT	2
UDP0031	GCTTACGGAC	2
UDP0032	GAACATACGG	2
UDP0033	GTCGATTACA	2
UDP0034	ACTAGCCGTG	2
UDP0035	AAGTTGGTGA	2
UDP0036	TGGCAATATT	2
UDP0037	GATCACCGCG	2
UDP0038	TACCATCCGT	2
UDP0039	GCTGTAGGAA	2
UDP0040	CGCACTAATG	2
UDP0041	GACAACTGAA	2
UDP0042	AGTGGTCAGG	2
UDP0043	TTCTATGGTT	2
UDP0044	AATCCGGCCA	2
UDP0045	CCATAAGGTT	2
UDP0046	ATCTCTACCA	2
UDP0047	CGGTGGCGAA	2
UDP0048	TAACAATAGG	2
UDP0049	CTGGTACACG	2
UDP0050	TCAACGTGTA	2
UDP0051	ACTGTTGTGA	2
UDP0052	GTGCGTCCTT	2
UDP0053	AGCACATCCT	2
UDP0054	TTCCGTCGCA	2
UDP0055	CTTAACCACT	2
UDP0056	GCCTCGGATA	2
UDP0057	CGTCGACTGG	2
UDP0058	TACTAGTCAA	2
UDP0059	ATAGACCGTT	2
UDP0060	ACAGTTCCAG	2
UDP0061	AGGCATGTAG	2
UDP0062	GCAAGTCTCA	2
UDP0063	TTGGCTCCGC	2
UDP0064	AACTGATACT	2
UDP0065	GTAAGGCATA	2
UDP0066	AATTGCTGCG	2
UDP0067	TTACAATTCC	2
UDP0068	AACCTAGCAC	2
UDP0069	TCTGTGTGGA	2
UDP0070	GGAATTCCAA	2
UDP0071	AAGCGCGCTT	2
UDP0072	TGAGCGTTGT	2
UDP0073	ATCATAGGCT	2
UDP0074	TGTTAGAAGG	2
UDP0075	GATGGATGTA	2
UDP0076	ACGGCCGTCA	2
UDP0077	CGTTGCTTAC	2
UDP0078	TGACTACATA	2
UDP0079	CGGCCTCGTT	2
UDP0080	CAAGCATCCG	2
UDP0081	TCGTCTGACT	2
UDP0082	CTCATAGCGA	2
UDP0083	AGACACATTA	2
UDP0084	GCGCGATGTT	2
UDP0085	CATGAGTACT	2
UDP0086	ACGTCAATAC	2
UDP0087	GATACCTCCT	2
UDP0088	ATCCGTAAGT	2
UDP0089	CGTGTATCTT	2
UDP0090	GAACCATGAA	2
UDP0091	GGCCATCATA	2
UDP0092	ACATACTTCC	2
UDP0093	TATGTGCAAT	2
UDP0094	GATTAAGGTG	2
UDP0095	ATGTAGACAA	2
UDP0096	CACATCGGTG	2
UDP0097	CCTGATACAA	2
UDP0098	TTAAGTTGTG	2
UDP0099	CGGACAGTGA	2
UDP0100	GCACTACAAC	2
UDP0101	TGGTGCCTGG	2
UDP0102	TCCACGGCCT	2
UDP0103	TTGTAGTGTA	2
UDP0104	CCACGACACG	2
UDP0105	TGTGATGTAT	2
UDP0106	GAGCGCAATA	2
UDP0107	ATCTTACTGT	2
UDP0108	ATGTCGTGGT	2
UDP0109	GTAGCCATCA	2
UDP0110	TGGTTAAGAA	2
UDP0111	TGTTGTTCGT	2
UDP0112	CCAACAACAT	2
UDP0113	ACCGGCTCAG	2
UDP0114	GTTAATCTGA	2
UDP0115	CGGCTAACGT	2
UDP0116	TCCAAGAATT	2
UDP0117	CCGAACGTTG	2
UDP0118	TAACCGCCGA	2
UDP0119	CTCCGTGCTG	2
UDP0120	CATTCCAGCT	2
UDP0121	GGTTATGCTA	2
UDP0122	ACCACACGGT	2
UDP0123	TAGGTTCTCT	2
UDP0124	TATGGCTCGA	2
UDP0125	CTCGTGCGTT	2
UDP0126	CCAGTTGGCA	2
UDP0127	TGTTCGCATT	2
UDP0128	AACCGCATCG	2
UDP0129	CGAAGGTTAA	2
UDP0130	AGTGCCACTG	2
UDP0131	GAACAAGTAT	2
UDP0132	ACGATTGCTG	2
UDP0133	ATACCTGGAT	2
UDP0134	TCCAATTCTA	2
UDP0135	TGAGACAGCG	2
UDP0136	ACGCTAATTA	2
UDP0137	TATATTCGAG	2
UDP0138	CGGTCCGATA	2
UDP0139	ACAATAGAGT	2
UDP0140	CGGTTATTAG	2
UDP0141	GATAACAAGT	2
UDP0142	AGTTATCACA	2
UDP0143	TTCCAGGTAA	2
UDP0144	CATGTAGAGG	2
UDP0145	GATTGTCATA	2
UDP0146	ATTCCGCTAT	2
UDP0147	GACCGCTGTG	2
UDP0148	TAGGAACCGG	2
UDP0149	AGCGGTGGAC	2
UDP0150	TATAGATTCG	2
UDP0151	ACAGAGGCCA	2
UDP0152	ATTCCTATTG	2
UDP0153	TATTCCTCAG	2
UDP0154	CGCCTTCTGA	2
UDP0155	GCGCAGAGTA	2
UDP0156	GGCGCCAATT	2
UDP0157	AGATATGGCG	2
UDP0158	CCTGCTTGGT	2
UDP0159	GACGAACAAT	2
UDP0160	TGGCGGTCCA	2
UDP0161	CTTCAGTTAC	2
UDP0162	TCCTGACCGT	2
UDP0163	CGCGCCTAGA	2
UDP0164	AGGATAAGTT	2
UDP0165	AGGCCAGACA	2
UDP0166	CCTTGAACGG	2
UDP0167	CACCACCTAC	2
UDP0168	TTGCTTGTAT	2
UDP0169	CAATCTATGA	2
UDP0170	TGGTACTGAT	2
UDP0171	TTCATCCAAC	2
UDP0172	CATAACACCA	2
UDP0173	TCCTATTAGC	2
UDP0174	TCTCTAGATT	2
UDP0175	CGCGAGCCTA	2
UDP0176	GATAAGCTCT	2
UDP0177	GAGATGTCGA	2
UDP0178	CTGGATATGT	2
UDP0179	GGCCAATAAG	2
UDP0180	ATTACTCACC	2
UDP0181	AATTGGCGGA	2
UDP0182	TTGTCAACTT	2
UDP0183	GGCGAATTCT	2
UDP0184	CAACGTCAGC	2
UDP0185	TCTTACATCA	2
UDP0186	CGCCATACCT	2
UDP0187	CTAATGTCTT	2
UDP0188	CAACCGGAGG	2
UDP0189	GGCAGTAGCA	2
UDP0190	TTAGGATAGA	2
UDP0191	CGCAATCTAG	2
UDP0192	GAGTTGTACT	2
UDP0193	AACACGTGGA	2
UDP0194	GTGTTACCGG	2
UDP0195	AGATTGTTAC	2
UDP0196	TTGACCAATG	2
UDP0197	CTGACCGGCA	2
UDP0198	TCTCATCAAT	2
UDP0199	GGACCAACAG	2
UDP0200	AATGTATTGC	2
UDP0201	GATCTCTGGA	2
UDP0202	CAGGCGCCAT	2
UDP0203	TTAATAGACC	2
UDP0204	GGAGTCGCGA	2
UDP0205	AACGCCAGAG	2
UDP0206	CGTAATTAAC	2
UDP0207	ACGAGACTGA	2
UDP0208	GTATCGGCCG	2
UDP0209	AATACGACAT	2
UDP0210	GTTATATGGC	2
UDP0211	GCCTGCCATG	2
UDP0212	TAAGACCTAT	2
UDP0213	TATACCATGG	2
UDP0214	GCCGTCTGTT	2
UDP0215	CAGAGTGATA	2
UDP0216	TGCTAACTAT	2
UDP0217	TCAGTTAATG	2
UDP0218	GTGACCTTGA	2
UDP0219	ACATGCATAT	2
UDP0220	AACATACCTA	2
UDP0221	CCATGTGTAG	2
UDP0222	GAGTCTCTCC	2
UDP0223	GCTATGCGCA	2
UDP0224	ATCGCATATG	2
UDP0225	AGTACCTATA	2
UDP0226	GACCGGAGAT	2
UDP0227	CGTTCAGCCT	2
UDP0228	TTACTTCCTC	2
UDP0229	CACGTCCACC	2
UDP0230	GCTACTATCT	2
UDP0231	AGTCAACCAT	2
UDP0232	CGAGGCGGTA	2
UDP0233	CAGGTGTTCA	2
UDP0234	GACAGACAGG	2
UDP0235	TGTACTTGTT	2
UDP0236	CTCTAAGTAG	2
UDP0237	GTCACCACAG	2
UDP0238	TCTACATACC	2
UDP0239	CACGTTAGGC	2
UDP0240	TGGTGAGTCT	2
UDP0241	CTTCGAAGGA	2
UDP0242	GTAGAGTCAG	2
UDP0243	GACATTGTCA	2
UDP0244	TCCGCAAGGC	2
UDP0245	ACTGCCTTAT	2
UDP0246	TACGCACGTA	2
UDP0247	CGCTTGAAGT	2
UDP0248	CTGCACTTCA	2
UDP0249	CAGCGGACAA	2
UDP0250	GGATCCGCAT	2
UDP0251	TGCGGTGTTG	2
UDP0252	ACATAACGGA	2
UDP0253	GACGTTCGCG	2
UDP0254	CATTCAACAA	2
UDP0255	CACGGATTAT	2
UDP0256	TTGAGGACGG	2
UDP0257	CTCTGTATAC	2
UDP0258	GCAACAGGTG	2
UDP0259	GGTAACGCAG	2
UDP0260	ACCGCGCAAT	2
UDP0261	AGCCGGAACA	2
UDP0262	TCCTAGGAAG	2
UDP0263	TTGAGCCTAA	2
UDP0264	CCACCTGTGT	2
UDP0265	CCTCGCAACC	2
UDP0266	GTATAGCTGT	2
UDP0267	GCTACATTAG	2
UDP0268	TACGAATCTT	2
UDP0269	TAGGAGCGCA	2
UDP0270	GTACTGGCGT	2
UDP0271	AGTTAAGAGC	2
UDP0272	TCGCGTATAA	2
UDP0273	GAGTGTGCCG	2
UDP0274	CTAGTCCGGA	2
UDP0275	ATTAATACGC	2
UDP0276	CCTAGAGTAT	2
UDP0277	TAGGAAGACT	2
UDP0278	CCGTGGCCTT	2
UDP0279	GGATATATCC	2
UDP0280	CACCTCTTGG	2
UDP0281	AACGTTACAT	2
UDP0282	CGGCAAGCTC	2
UDP0283	TCTTGGCTAT	2
UDP0284	ACGGAATGCG	2
UDP0285	GTTCCGCAGG	2
UDP0286	ACCAAGTTAC	2
UDP0287	TGGCTCGCAG	2
UDP0288	AACTAACGTT	2
UDP0289	TAGAGTTGGA	2
UDP0290	AGAGCACTAG	2
UDP0291	ACTCTACAGG	2
UDP0292	CGGTGACACC	2
UDP0293	GCGTTGGTAT	2
UDP0294	TGTGCTAACA	2
UDP0295	CCAGAAGTAA	2
UDP0296	CTTATACCTG	2
UDP0297	ACTAGAACTT	2
UDP0298	TTAGGCTTAC	2
UDP0299	TATCATGAGA	2
UDP0300	CTCACACAAG	2
UDP0301	GAATTGAGTG	2
UDP0302	CGGATTATAT	2
UDP0303	TTGAAGCAGA	2
UDP0304	TACGGCGAAG	2
UDP0305	TCTCCATTGA	2
UDP0306	CGAGACCAAG	2
UDP0307	TGCTGGACAT	2
UDP0308	GATGGTATCG	2
UDP0309	GGCTTAATTG	2
UDP0310	CTCGACTCCT	2
UDP0311	ATACACAGAG	2
UDP0312	TCTCGGACGA	2
UDP0313	ACCACGTCTG	2
UDP0314	GTTGTACTCA	2
UDP0315	TCAGGTCAAC	2
UDP0316	AGTCCGAGGA	2
UDP0317	CACTTAATCT	2
UDP0318	TACTCTGTTA	2
UDP0319	GCGACTCGAT	2
UDP0320	CTAGGCAAGG	2
UDP0321	CCTCTTCGAA	2
UDP0322	TCATCCTCTT	2
UDP0323	GGTAAGATAA	2
UDP0324	AACGAGCCAG	2
UDP0325	TAGACAATCT	2
UDP0326	CAATGCTGAA	2
UDP0327	GTCACGGTGT	2
UDP0328	GGTGTACAAG	2
UDP0329	AGGTTGCAGG	2
UDP0330	TAATACGGAG	2
UDP0331	CGAAGACGCA	2
UDP0332	ATTGACACAT	2
UDP0333	CAGCCGATTG	2
UDP0334	TCTCACGCGT	2
UDP0335	CTCTGACGTG	2
UDP0336	TCGAATGGAA	2
UDP0337	AAGGCCTTGG	2
UDP0338	TGAACGCAAC	2
UDP0339	CCGCTTAGCT	2
UDP0340	CACCGAGGAA	2
UDP0341	CGTATAATCA	2
UDP0342	ATGACAGAAC	2
UDP0343	ATTCATTGCA	2
UDP0344	TCATGTCCTG	2
UDP0345	AATTCGATCG	2
UDP0346	TTCCGACATT	2
UDP0347	TGGCACGACC	2
UDP0348	GCCACAGCAC	2
UDP0349	CAGTAGTTGT	2
UDP0350	AGCTCTCAAG	2
UDP0351	TCTGGAATTA	2
UDP0352	ATTAGTGGAG	2
UDP0353	GACTATATGT	2
UDP0354	CGTTCGGAAC	2
UDP0355	TCGATACTAG	2
UDP0356	TACCACAATG	2
UDP0357	TGGTATACCA	2
UDP0358	GCTCTCGTTG	2
UDP0359	GTCTCGTGAA	2
UDP0360	AAGGCCACCT	2
UDP0361	CTGTGAGCTA	2
UDP0362	TCACAGATCG	2
UDP0363	AGAAGCCAAT	2
UDP0364	ACTGCAGCCG	2
UDP0365	AACATCTAGT	2
UDP0366	CCTTACTATG	2
UDP0367	GTGGCGAGAC	2
UDP0368	GCCAGATCCA	2
UDP0369	ACACAATATC	2
UDP0370	TGGAGGTAAT	2
UDP0371	CCTTCACGTA	2
UDP0372	CTATACGCGG	2
UDP0373	GTTGCAGTTG	2
UDP0374	TTATGCGCCT	2
UDP0375	TCTCAGTACA	2
UDP0376	AGTATACGGA	2
UDP0377	ACGCTTGGAC	2
UDP0378	GGAGTAGATT	2
UDP0379	TACACGCTCC	2
UDP0380	TCCGATAGAG	2
UDP0381	CTCAAGGCCG	2
UDP0382	CAAGTTCATA	2
UDP0383	AATCCTTAGG	2
UDP0384	GGTGGAATAC	2


[SupportedModules]
GenerateFastQWorkflow
ResequencingWorkflow
MetagenomicsWorkflow
PCRAmpliconWorkflow
LibraryQCWorkflow
AssemblyWorkflow